ticker,entry_date,exit_date,entry,exit,shares,pnl,r_multiple,hold_days,reason
ANGI,2016-06-10,2016-06-13,88.4,81.328,141.5307,-1000.91,-1.0,3,STOP
MAS,2016-05-27,2016-06-27,27.946,25.7103,447.2914,-1000.0,-1.0,31,STOP
ROCK,2016-06-14,2016-07-12,30.65,35.554,396.5426,1944.64,2.0,28,TARGET_2R
YELP,2016-07-13,2016-08-10,29.49,34.2084,440.12,2076.66,2.0,28,TARGET_2R
LULU,2016-06-28,2016-08-15,69.41,80.5156,170.8685,1897.6,2.0,48,TARGET_2R
MLM,2016-05-27,2016-08-17,177.4936,177.4936,70.4251,0.0,0.0,82,STOP
BSX,2016-05-27,2016-08-22,22.6,24.12,553.0973,840.71,0.841,87,TIMEOUT
VMC,2016-05-27,2016-08-22,109.5974,109.5185,114.0538,-9.0,-0.009,87,TIMEOUT
RGLD,2016-08-18,2016-08-24,74.7109,68.734,176.3593,-1054.08,-1.0,6,STOP
DLTR,2016-08-11,2016-08-25,99.0,91.08,134.8247,-1067.81,-1.0,14,STOP
IFF,2016-06-03,2016-08-26,101.2417,107.9666,122.8883,826.41,0.83,84,TIMEOUT
LH,2016-06-03,2016-08-26,106.2345,111.3673,117.1129,601.13,0.604,84,TIMEOUT
CYTK,2016-08-17,2016-09-01,11.99,11.99,1105.1485,0.0,0.0,15,STOP
ROCK,2016-09-02,2016-09-09,38.95,35.834,335.1398,-1044.3,-1.0,7,STOP
PODD,2016-08-23,2016-09-12,43.94,40.4248,303.4871,-1066.82,-1.0,20,STOP
CRUS,2016-08-29,2016-09-12,51.47,47.3524,251.8885,-1037.18,-1.0,14,STOP
SSTK,2016-08-26,2016-09-13,45.7286,45.7286,282.8712,0.0,0.0,18,STOP
LITE,2016-08-29,2016-09-15,33.83,39.2428,383.2309,2074.35,2.0,17,TARGET_2R
ETSY,2016-08-23,2016-09-30,14.11,14.11,945.0903,0.0,0.0,38,STOP
STRL,2016-09-12,2016-10-05,6.98,8.0968,1834.405,2048.66,2.0,23,TARGET_2R
STAA,2016-09-13,2016-10-10,8.87,10.2892,1446.3993,2052.73,2.0,27,TARGET_2R
STX,2016-09-16,2016-10-13,24.6773,22.7031,525.7278,-1037.88,-1.0,27,STOP
BOX,2016-10-11,2016-10-19,15.69,14.4348,870.1076,-1092.16,-1.0,8,STOP
IIIN,2016-10-06,2016-10-20,23.1092,21.2605,582.9769,-1077.77,-1.0,14,STOP
GNW,2016-10-14,2016-10-24,5.12,4.7104,2541.987,-1041.2,-1.0,10,STOP
DKS,2016-09-13,2016-10-26,45.7452,42.0856,280.4572,-1026.36,-1.0,43,STOP
IDCC,2016-10-10,2016-10-27,65.9679,60.6904,203.4161,-1073.51,-1.0,17,STOP
SSTK,2016-09-14,2016-10-28,46.3896,46.3896,273.0462,0.0,0.0,44,STOP
WMB,2016-10-03,2016-11-01,18.792,17.2886,715.7031,-1075.96,-1.0,29,STOP
TWI,2016-10-25,2016-11-02,10.2872,9.4642,1275.2395,-1049.49,-1.0,8,STOP
MPWR,2016-08-12,2016-11-04,67.6083,71.1002,197.5097,689.69,0.646,84,TIMEOUT
AMKR,2016-10-21,2016-11-08,9.0036,10.4442,1453.8198,2094.34,2.0,18,TARGET_2R
MYRG,2016-10-28,2016-11-10,29.2,33.872,430.3974,2010.82,2.0,13,TARGET_2R
VICR,2016-11-03,2016-11-10,12.25,14.21,1016.0693,1991.5,2.0,7,TARGET_2R
OLLI,2016-10-27,2016-11-14,26.86,31.1576,478.6337,2056.98,2.0,18,TARGET_2R
GNRC,2016-11-03,2016-12-07,36.8,42.688,338.2296,1991.5,2.0,34,TARGET_2R
HAL,2016-11-29,2016-12-12,39.7387,46.0969,344.5715,2190.85,2.0,13,TARGET_2R
ASTE,2016-12-13,2016-12-16,61.9929,57.0335,228.8665,-1135.05,-1.0,3,STOP
OSK,2016-12-08,2016-12-20,62.3293,57.3429,232.1212,-1157.44,-1.0,12,STOP
WGO,2016-12-02,2016-12-21,28.3293,32.862,489.7178,2219.74,2.0,19,TARGET_2R
OLLI,2016-11-15,2017-01-03,30.6,28.152,446.012,-1091.84,-1.0,49,STOP
HTO,2016-12-19,2017-01-11,44.7163,41.139,311.9903,-1116.08,-1.0,23,STOP
ANET,2016-12-02,2017-01-17,5.8006,5.8006,2391.6993,0.0,0.0,46,STOP
PFG,2016-10-31,2017-01-26,39.0844,41.3846,320.6922,737.66,0.736,87,TIMEOUT
EXEL,2017-01-27,2017-01-31,18.48,17.0016,766.7322,-1133.54,-1.0,4,STOP
OLN,2016-12-13,2017-02-01,19.7114,22.8652,719.7911,2270.1,2.0,50,TARGET_2R
VTOL,2017-02-01,2017-02-07,31.6078,29.0792,437.4263,-1106.09,-1.0,6,STOP
STRA,2017-01-12,2017-02-16,66.0721,60.7863,213.9241,-1130.75,-1.0,35,STOP
MLM,2016-11-29,2017-02-17,201.2541,201.2541,68.0375,0.0,0.0,80,STOP
CGNX,2016-12-22,2017-02-17,30.0105,34.8122,474.4289,2278.06,2.0,57,TARGET_2R
CENX,2017-02-21,2017-02-23,15.28,14.0576,909.4841,-1111.75,-1.0,2,STOP
DVN,2016-12-22,2017-02-24,32.6555,30.0431,436.0016,-1139.03,-1.0,64,STOP
HLIT,2017-02-28,2017-03-01,5.5,5.5,2505.2157,0.0,0.0,1,STOP
THO,2017-02-08,2017-03-07,89.2984,89.2984,155.5472,0.0,0.0,27,STOP
ROG,2017-01-18,2017-04-12,78.8,82.89,174.9543,715.56,0.649,84,TIMEOUT
SMTC,2017-02-17,2017-04-12,34.95,32.154,396.5966,-1108.88,-1.0,54,STOP
NXRT,2017-02-02,2017-04-28,16.2397,16.9265,868.7893,596.69,0.529,85,TIMEOUT
ALGN,2017-04-13,2017-04-28,113.97,132.2052,120.8099,2202.99,2.0,15,TARGET_2R
HLIT,2017-05-01,2017-05-02,5.75,5.29,2487.5076,-1144.25,-1.0,1,STOP
BCC,2017-02-21,2017-05-03,18.376,21.3162,756.2532,2223.51,2.0,71,TARGET_2R
NSIT,2017-03-02,2017-05-04,43.71,50.7036,320.0701,2238.44,2.0,63,TARGET_2R
RH,2017-05-03,2017-05-05,48.45,56.202,293.0503,2271.73,2.0,2,TARGET_2R
COO,2017-03-01,2017-05-24,49.938,54.35,274.1667,1209.63,1.104,84,TIMEOUT
BBY,2017-04-13,2017-05-25,35.4075,41.0727,388.8641,2202.99,2.0,42,TARGET_2R
KLAC,2017-03-09,2017-06-02,79.5933,92.3283,171.2613,2181.0,2.0,85,TARGET_2R
LMAT,2017-05-04,2017-06-13,28.0741,25.8281,511.137,-1147.98,-1.0,40,STOP
VAC,2017-05-08,2017-06-29,96.1099,96.1099,156.9093,0.0,0.0,52,STOP
ALGN,2017-05-01,2017-07-17,135.39,157.0524,105.6442,2288.51,2.0,77,TARGET_2R
MMSI,2017-05-09,2017-07-20,33.55,38.918,445.6083,2392.03,2.0,72,TARGET_2R
UAL,2017-05-25,2017-07-20,79.18,72.8456,191.332,-1211.97,-1.0,56,STOP
SAIA,2017-07-21,2017-07-28,51.95,51.95,310.7953,0.0,0.0,7,STOP
CNC,2017-05-09,2017-08-02,37.935,40.895,394.0993,1166.53,0.975,85,TIMEOUT
TRUP,2017-07-18,2017-08-02,22.63,22.63,708.2664,0.0,0.0,15,STOP
ITRI,2017-06-05,2017-08-03,69.25,69.25,230.1911,0.0,0.0,59,STOP
MOH,2017-06-14,2017-08-03,68.51,63.0292,226.4728,-1241.25,-1.0,50,STOP
NVRI,2017-07-21,2017-08-10,16.2,16.2,996.6554,0.0,0.0,20,STOP
EW,2017-05-26,2017-08-21,38.1667,38.0733,405.2635,-37.82,-0.031,87,TIMEOUT
NFLX,2017-08-04,2017-08-21,17.96,16.5232,875.6136,-1258.08,-1.0,17,STOP
BBY,2017-08-22,2017-08-29,44.9721,41.3744,338.8666,-1219.16,-1.0,7,STOP
AMP,2017-08-11,2017-09-07,122.5826,112.776,125.7908,-1233.58,-1.0,27,STOP
TTWO,2017-08-03,2017-09-11,87.24,101.1984,180.1337,2514.38,2.0,39,TARGET_2R
SMCI,2017-08-30,2017-09-15,2.7,2.484,5691.7875,-1229.43,-1.0,16,STOP
NVDA,2017-07-31,2017-09-18,4.0712,4.7226,3932.4776,2561.57,2.0,49,TARGET_2R
BLFS,2017-09-08,2017-09-19,4.75,5.51,3307.1745,2513.45,2.0,11,TARGET_2R
APPF,2017-08-22,2017-09-27,40.75,47.27,373.9769,2438.33,2.0,36,TARGET_2R
SAIA,2017-08-03,2017-09-28,53.75,62.35,292.3696,2514.38,2.0,56,TARGET_2R
AZTA,2017-09-28,2017-10-06,28.1292,28.1292,602.9807,0.0,0.0,8,STOP
TFIN,2017-08-04,2017-10-23,28.4,32.944,553.7331,2516.16,2.0,80,TARGET_2R
QDEL,2017-09-19,2017-10-23,43.25,39.79,378.5317,-1309.72,-1.0,34,STOP
MRCY,2017-09-18,2017-10-25,46.97,54.4852,340.1268,2556.12,2.0,37,TARGET_2R
APPF,2017-10-09,2017-10-25,50.8,46.736,342.8068,-1393.17,-1.0,16,STOP
LMAT,2017-10-26,2017-10-27,34.892,32.1006,503.4032,-1405.18,-1.0,1,STOP
CGNX,2017-09-29,2017-10-31,51.3622,59.5801,333.7713,2742.91,2.0,32,TARGET_2R
TER,2017-09-29,2017-10-31,35.612,41.3099,481.3892,2742.91,2.0,32,TARGET_2R
FORM,2017-09-20,2017-11-01,16.35,16.35,1009.5782,0.0,0.0,42,STOP
COHU,2017-10-24,2017-11-03,24.3799,22.4295,722.6337,-1409.42,-1.0,10,STOP
WD,2017-10-26,2017-11-10,44.3493,40.8014,396.0538,-1405.18,-1.0,15,STOP
KLIC,2017-11-06,2017-11-14,19.8891,23.0714,868.7597,2764.62,2.0,8,TARGET_2R
RES,2017-11-13,2017-11-15,21.5515,19.8274,788.4583,-1359.4,-1.0,2,STOP
HPQ,2017-09-12,2017-11-21,14.4754,16.7914,1090.5119,2525.69,2.0,70,TARGET_2R
ENTG,2017-10-30,2017-11-29,30.9738,28.4959,570.6649,-1414.05,-1.0,30,STOP
DELL,2017-11-01,2017-11-30,21.3425,19.6351,839.1229,-1432.72,-1.0,29,STOP
PYPL,2017-12-01,2017-12-04,74.82,68.8344,233.9002,-1400.03,-1.0,3,STOP
FSLR,2017-11-22,2017-12-08,60.11,69.7276,292.7926,2815.96,2.0,16,TARGET_2R
IAC,2017-11-01,2017-12-12,23.2548,21.3944,770.1213,-1432.72,-1.0,41,STOP
CWST,2017-12-11,2018-01-19,21.05,24.418,828.0385,2788.83,2.0,39,TARGET_2R
PATK,2017-11-02,2018-01-23,36.2952,42.1024,479.7692,2786.13,2.0,82,TARGET_2R
MAR,2017-11-30,2018-01-23,117.7926,136.6395,147.7913,2785.4,2.0,54,TARGET_2R
DINO,2018-01-22,2018-01-29,39.1922,36.0568,470.0382,-1473.75,-1.0,7,STOP
BLDR,2018-01-24,2018-01-30,23.04,21.1968,810.2115,-1493.38,-1.0,6,STOP
HLI,2018-01-24,2018-02-01,43.2991,39.8352,431.1237,-1493.38,-1.0,8,STOP
PLNT,2017-12-05,2018-02-05,31.77,31.77,530.957,0.0,0.0,62,STOP
OLLI,2018-01-26,2018-02-06,57.15,52.578,323.6291,-1479.63,-1.0,11,STOP
SRPT,2018-01-31,2018-02-06,64.85,59.662,280.014,-1452.71,-1.0,6,STOP
WST,2017-11-15,2018-02-08,97.5276,89.7254,175.7194,-1371.0,-1.0,85,STOP
LIVN,2017-11-16,2018-02-13,82.56,81.76,205.2758,-164.22,-0.121,89,TIMEOUT
FTNT,2017-12-11,2018-02-15,8.388,9.7301,2077.9937,2788.83,2.0,66,TARGET_2R
ANGI,2018-02-06,2018-02-22,131.3,152.308,132.1868,2776.98,2.0,16,TARGET_2R
IPGP,2018-03-13,2018-03-23,255.74,235.2808,71.1581,-1455.84,-1.0,10,STOP
SKY,2018-03-26,2018-03-27,22.3447,20.5571,785.8556,-1404.78,-1.0,1,STOP
EMR,2018-03-01,2018-04-02,58.7622,54.0613,301.648,-1418.04,-1.0,32,STOP
TGT,2018-03-02,2018-04-02,58.7977,54.0939,300.4062,-1413.05,-1.0,31,STOP
GDDY,2018-03-08,2018-04-04,62.57,57.5644,286.1292,-1432.25,-1.0,27,STOP
ON,2018-03-28,2018-04-04,24.84,22.8528,700.9162,-1392.86,-1.0,7,STOP
WING,2018-01-30,2018-04-16,37.8001,43.8481,487.5627,2948.79,2.0,76,TARGET_2R
SAIA,2018-04-05,2018-04-26,75.6,69.552,228.6692,-1382.99,-1.0,21,STOP
ENVA,2018-04-03,2018-04-27,21.85,25.346,776.5049,2714.66,2.0,24,TARGET_2R
NTNX,2018-04-27,2018-04-30,52.82,48.5944,327.675,-1384.62,-1.0,3,STOP
THC,2018-04-17,2018-05-01,23.84,27.6544,741.4897,2828.34,2.0,14,TARGET_2R
NTNX,2018-05-01,2018-05-09,50.27,58.3132,345.3238,2777.51,2.0,8,TARGET_2R
QDEL,2018-04-30,2018-05-10,56.29,56.29,311.8897,0.0,0.0,10,STOP
PEGA,2018-04-05,2018-05-11,30.7979,30.7979,561.3166,0.0,0.0,36,STOP
MODG,2018-02-27,2018-05-21,15.8409,18.3754,1123.4044,2847.31,2.0,83,TARGET_2R
AX,2018-02-28,2018-05-23,37.69,41.14,471.9846,1628.35,1.144,84,TIMEOUT
CVCO,2018-04-03,2018-05-30,171.8,199.288,98.758,2714.66,2.0,57,TARGET_2R
CROX,2018-05-02,2018-05-31,15.61,18.1076,1146.7585,2864.14,2.0,29,TARGET_2R
RUN,2018-05-10,2018-06-05,10.97,12.7252,1686.6549,2960.42,2.0,26,TARGET_2R
WYNN,2018-05-22,2018-06-05,178.6625,164.3695,106.0649,-1515.99,-1.0,14,STOP
PENG,2018-05-31,2018-06-07,22.74,22.74,854.2021,0.0,0.0,7,STOP
RH,2018-05-24,2018-06-11,102.15,118.494,184.4256,3014.25,2.0,18,TARGET_2R
HLNE,2018-06-01,2018-06-12,40.7191,40.7191,477.9353,0.0,0.0,11,STOP
QDEL,2018-05-11,2018-06-13,57.46,66.6536,322.9322,2968.91,2.0,33,TARGET_2R
PEN,2018-05-14,2018-06-15,152.75,152.75,120.3777,0.0,0.0,32,STOP
CZR,2018-06-01,2018-06-18,45.35,41.722,429.1306,-1556.89,-1.0,17,STOP
APTV,2018-06-12,2018-06-25,100.6694,92.6158,198.8925,-1601.79,-1.0,13,STOP
NVRI,2018-06-14,2018-06-28,25.3,23.276,787.3804,-1593.66,-1.0,14,STOP
CHRD,2018-06-06,2018-07-02,7.7825,7.7825,2557.5785,0.0,0.0,26,STOP
HCC,2018-06-29,2018-07-02,21.0286,19.3463,909.206,-1529.54,-1.0,3,STOP
JBHT,2018-06-12,2018-07-05,121.2742,111.5723,165.1002,-1601.79,-1.0,23,STOP
FIVE,2018-06-26,2018-07-24,99.14,99.14,193.8114,0.0,0.0,28,STOP
DECK,2018-06-18,2018-07-27,19.7433,18.1639,993.3169,-1568.91,-1.0,39,STOP
PRKS,2018-07-11,2018-07-30,21.28,21.28,891.9839,0.0,0.0,19,STOP
XYZ,2018-07-25,2018-07-31,69.73,64.1516,272.266,-1518.81,-1.0,6,STOP
FRPT,2018-07-30,2018-08-02,30.1,27.692,622.5962,-1499.21,-1.0,3,STOP
HTO,2018-07-03,2018-08-07,56.0063,51.5258,335.2014,-1501.87,-1.0,35,STOP
OXY,2018-06-08,2018-08-09,71.5711,65.8454,277.6206,-1589.57,-1.0,62,STOP
NSSC,2018-08-10,2018-08-14,7.7689,7.1474,2348.3969,-1459.55,-1.0,4,STOP
AVAV,2018-07-31,2018-08-20,73.05,84.738,249.93,2921.18,2.0,20,TARGET_2R
XYZ,2018-08-03,2018-08-29,72.1,83.636,254.8743,2940.23,2.0,26,TARGET_2R
ENSG,2018-06-13,2018-09-06,34.1592,34.5855,589.3692,251.26,0.156,85,TIMEOUT
ASGN,2018-08-30,2018-09-11,91.51,84.1892,211.1879,-1546.06,-1.0,12,STOP
VRSN,2018-07-03,2018-09-13,138.9068,161.1319,135.151,3003.74,2.0,72,TARGET_2R
MEDP,2018-08-08,2018-09-19,57.45,57.45,318.1082,0.0,0.0,42,STOP
TKO,2018-08-15,2018-09-19,71.2875,82.6935,257.7919,2940.37,2.0,35,TARGET_2R
DRI,2018-08-21,2018-09-21,92.7256,92.7256,198.9129,0.0,0.0,31,STOP
PAYC,2018-09-07,2018-09-24,147.5997,147.5997,130.2359,0.0,0.0,17,STOP
RNG,2018-09-14,2018-09-24,94.8304,87.244,205.9797,-1562.65,-1.0,10,STOP
PAYC,2018-09-25,2018-10-04,152.3698,140.1802,126.2444,-1538.87,-1.0,9,STOP
TWLO,2018-09-24,2018-10-05,82.35,75.762,233.319,-1537.11,-1.0,11,STOP
IDXX,2018-08-01,2018-10-08,244.93,225.3356,74.9436,-1468.48,-1.0,68,STOP
VNOM,2018-09-12,2018-10-10,25.0087,25.0087,775.5868,0.0,0.0,28,STOP
XYL,2018-09-25,2018-10-10,73.311,67.4462,262.3866,-1538.87,-1.0,15,STOP
VCEL,2018-10-05,2018-10-10,14.38,13.2296,1302.1636,-1498.01,-1.0,5,STOP
WING,2018-09-20,2018-10-24,56.8722,56.8722,338.4609,0.0,0.0,34,STOP
MOS,2018-10-11,2018-10-24,28.4236,26.1498,629.8503,-1432.21,-1.0,13,STOP
TDS,2018-10-11,2018-10-26,25.3568,23.3282,706.0301,-1432.21,-1.0,15,STOP
GKOS,2018-10-19,2018-10-26,62.2,57.224,293.2205,-1459.07,-1.0,7,STOP
LUMN,2018-10-25,2018-10-26,14.8554,13.667,1179.937,-1402.28,-1.0,1,STOP
CALX,2018-10-31,2018-11-06,7.34,8.5144,2352.9746,2763.33,2.0,6,TARGET_2R
GKOS,2018-11-12,2018-11-12,60.895,56.0234,293.6605,-1430.6,-1.0,0,STOP
OLLI,2018-11-01,2018-11-15,93.65,86.158,185.0448,-1386.36,-1.0,14,STOP
UAA,2018-11-14,2018-11-19,23.11,21.2612,759.8031,-1404.72,-1.0,5,STOP
CIEN,2018-09-20,2018-11-20,30.43,30.43,632.5666,0.0,0.0,61,STOP
VST,2018-11-13,2018-11-20,21.1707,19.477,831.3598,-1408.04,-1.0,7,STOP
GKOS,2018-11-16,2018-12-04,58.91,68.3356,297.3994,2803.17,2.0,18,TARGET_2R
KWR,2018-11-30,2018-12-07,189.0344,173.9116,93.9337,-1420.54,-1.0,7,STOP
CWST,2018-11-21,2018-12-10,30.34,30.34,549.5098,0.0,0.0,19,STOP
MNRO,2018-12-04,2018-12-14,66.8377,61.4907,267.487,-1430.26,-1.0,10,STOP
CSCO,2018-11-14,2018-12-17,36.6844,36.6844,478.6511,0.0,0.0,33,STOP
MATX,2018-12-06,2018-12-17,33.1868,30.5318,529.5428,-1405.91,-1.0,11,STOP
CHEF,2018-12-11,2018-12-18,37.38,34.3896,459.9675,-1375.49,-1.0,7,STOP
TRIP,2018-12-10,2018-12-19,54.7883,50.4052,313.9797,-1376.19,-1.0,9,STOP
EW,2018-11-13,2018-12-20,49.5433,49.5433,355.2536,0.0,0.0,37,STOP
TSLA,2018-12-18,2018-12-20,23.3693,21.4998,707.3038,-1322.34,-1.0,2,STOP
IIPR,2018-12-19,2018-12-20,31.7633,29.2222,516.4728,-1312.39,-1.0,1,STOP
LYV,2018-11-15,2018-12-21,53.3,49.036,326.3727,-1391.65,-1.0,36,STOP
ETSY,2019-01-25,2019-02-05,54.9,54.9,290.4581,0.0,0.0,11,STOP
KTOS,2019-01-18,2019-02-11,14.26,16.5416,1114.1888,2542.13,2.0,24,TARGET_2R
IIPR,2019-02-06,2019-02-14,40.7325,37.4739,397.4456,-1295.12,-1.0,8,STOP
VCEL,2019-01-25,2019-02-26,17.41,17.41,915.9191,0.0,0.0,32,STOP
KDP,2019-01-17,2019-02-28,22.2183,22.2183,713.882,0.0,0.0,42,STOP
OKTA,2019-01-29,2019-03-04,79.36,79.36,199.8309,0.0,0.0,34,STOP
RNG,2019-02-12,2019-03-04,109.055,100.3306,151.5302,-1322.01,-1.0,20,STOP
UPBD,2019-02-12,2019-03-06,12.6415,14.6642,1307.2072,2644.02,2.0,22,TARGET_2R
FN,2019-01-23,2019-03-07,54.15,54.15,293.957,0.0,0.0,43,STOP
MRK,2018-12-18,2019-03-15,57.6458,62.6201,286.7374,1426.31,1.079,87,TIMEOUT
GTLS,2019-03-05,2019-03-22,87.39,87.39,187.881,0.0,0.0,17,STOP
CMG,2019-03-01,2019-03-29,12.202,14.1543,1359.6111,2654.4,2.0,28,TARGET_2R
NEO,2019-03-25,2019-04-10,18.75,21.75,890.2164,2670.65,2.0,16,TARGET_2R
OLED,2019-03-08,2019-04-11,137.2464,159.2058,118.5376,2603.02,2.0,34,TARGET_2R
GKOS,2019-04-01,2019-04-16,79.21,72.8732,216.104,-1369.41,-1.0,15,STOP
NEO,2019-04-11,2019-04-17,21.95,20.194,805.0804,-1413.72,-1.0,6,STOP
NSP,2019-02-27,2019-04-29,102.1618,93.9889,162.5967,-1328.89,-1.0,61,STOP
PAYC,2019-03-05,2019-05-02,173.2292,200.9459,94.7815,2627.03,2.0,58,TARGET_2R
FAST,2019-04-18,2019-05-10,14.7645,13.5833,1166.5886,-1377.93,-1.0,22,STOP
CLH,2019-04-12,2019-05-20,73.09,67.2428,242.3551,-1417.1,-1.0,38,STOP
VRSN,2019-03-07,2019-05-31,174.5719,192.5772,93.1888,1677.9,1.289,85,TIMEOUT
NSIT,2019-03-18,2019-05-31,56.8,52.256,295.66,-1343.48,-1.0,74,STOP
CDW,2019-04-17,2019-05-31,98.7654,90.8642,177.5963,-1403.23,-1.0,44,STOP
FICO,2019-04-01,2019-06-10,273.78,317.5848,62.5232,2738.82,2.0,70,TARGET_2R
OSW,2019-05-21,2019-06-21,13.2554,15.3763,1279.0353,2712.67,2.0,31,TARGET_2R
HWM,2019-06-03,2019-06-27,16.5082,19.1495,1016.3401,2684.47,2.0,24,TARGET_2R
PI,2019-06-24,2019-07-02,26.55,30.798,681.3439,2894.35,2.0,8,TARGET_2R
BAH,2019-05-03,2019-07-26,52.8754,61.3354,328.3018,2777.45,2.0,84,TARGET_2R
SNPS,2019-05-03,2019-07-29,120.5,136.21,144.0588,2263.16,1.63,87,TIMEOUT
MTD,2019-06-28,2019-07-30,835.3,768.476,21.9087,-1464.02,-1.0,32,STOP
WING,2019-07-29,2019-08-01,88.3565,81.288,217.5097,-1537.47,-1.0,3,STOP
CWST,2019-06-03,2019-08-02,38.78,44.9848,432.6442,2684.47,2.0,60,TARGET_2R
STRA,2019-06-11,2019-08-05,148.7434,136.844,117.7782,-1401.5,-1.0,55,STOP
FHI,2019-07-05,2019-08-05,24.5806,24.5806,774.2503,0.0,0.0,31,STOP
VCEL,2019-08-02,2019-08-05,19.32,17.7744,964.4849,-1490.71,-1.0,3,STOP
PODD,2019-07-30,2019-08-06,124.66,144.6056,153.6724,3065.09,2.0,7,TARGET_2R
MTCH,2019-07-31,2019-08-07,73.2463,84.9657,261.3178,3062.49,2.0,7,TARGET_2R
IAC,2019-08-07,2019-08-14,45.8805,42.21,408.148,-1498.08,-1.0,7,STOP
MTSI,2019-08-19,2019-08-23,20.33,18.7036,943.995,-1535.31,-1.0,4,STOP
ADI,2019-08-19,2019-08-23,100.214,92.1968,191.5045,-1535.31,-1.0,4,STOP
MKC,2019-06-03,2019-08-26,68.7939,71.3134,243.8871,614.49,0.458,84,TIMEOUT
RH,2019-08-16,2019-08-29,138.63,138.63,137.1008,0.0,0.0,13,STOP
TTD,2019-08-14,2019-09-03,25.604,23.5557,751.2229,-1538.74,-1.0,20,STOP
WDC,2019-08-26,2019-09-11,40.5377,47.0237,459.7033,2981.65,2.0,16,TARGET_2R
BSX,2019-06-24,2019-09-17,41.57,42.32,435.1619,326.37,0.226,85,TIMEOUT
EVTC,2019-08-15,2019-09-23,33.212,30.5551,572.2499,-1520.45,-1.0,39,STOP
WDC,2019-09-23,2019-10-02,44.6214,41.0517,421.8121,-1505.75,-1.0,9,STOP
WKC,2019-08-05,2019-10-28,32.0044,34.9777,582.1363,1730.85,1.161,84,TIMEOUT
SGI,2019-08-30,2019-10-31,18.366,21.3046,1020.5779,2999.03,2.0,62,TARGET_2R
NMIH,2019-11-01,2019-11-13,29.36,34.0576,657.825,3090.2,2.0,12,TARGET_2R
KLAC,2019-10-03,2019-11-15,143.8161,166.8266,125.682,2892.01,2.0,43,TARGET_2R
ZBH,2019-08-26,2019-11-18,124.081,133.8442,150.1866,1466.3,0.984,84,TIMEOUT
CPAY,2019-09-04,2019-11-26,296.57,307.42,62.2983,675.94,0.457,83,TIMEOUT
AMKR,2019-11-01,2019-12-03,11.6731,10.7392,1654.5557,-1545.1,-1.0,32,STOP
ACAD,2019-12-04,2019-12-05,45.07,52.2812,436.471,3147.48,2.0,1,TARGET_2R
KN,2019-09-17,2019-12-10,20.52,21.58,927.2132,982.85,0.646,84,TIMEOUT
CMCSA,2019-09-17,2019-12-10,36.1714,33.701,526.0079,-1299.44,-0.854,84,TIMEOUT
GPI,2019-12-06,2019-12-23,97.4766,97.4766,211.2113,0.0,0.0,17,STOP
LULU,2019-10-29,2020-01-09,206.13,239.1108,92.8537,3062.39,2.0,72,TARGET_2R
FRPT,2019-11-19,2020-01-14,54.5,63.22,372.074,3244.48,2.0,56,TARGET_2R
WGO,2019-11-14,2020-01-15,43.1871,50.097,465.1036,3213.84,2.0,62,TARGET_2R
VAC,2020-01-15,2020-01-27,110.2063,101.3898,196.6015,-1733.34,-1.0,12,STOP
GE,2019-12-11,2020-01-29,53.0525,61.5409,385.5138,3272.39,2.0,49,TARGET_2R
LEG,2019-11-18,2020-01-30,41.0958,37.8081,493.9982,-1624.1,-1.0,73,STOP
NSSC,2019-12-11,2020-01-31,14.4314,14.4314,1417.2225,0.0,0.0,51,STOP
NVDA,2020-01-10,2020-02-14,6.1554,7.1403,3455.0121,3402.73,2.0,35,TARGET_2R
OPCH,2020-02-19,2020-02-19,16.52,16.52,1388.302,0.0,0.0,0,STOP
RGEN,2020-01-10,2020-02-21,97.09,97.09,219.0447,0.0,0.0,42,STOP
AGYS,2020-01-31,2020-02-24,33.2,33.2,661.6211,0.0,0.0,24,STOP
NEO,2020-02-21,2020-02-24,33.08,30.4336,689.7984,-1825.48,-1.0,3,STOP
FBIN,2019-11-27,2020-02-25,50.5072,52.4128,400.4728,763.16,0.472,90,TIMEOUT
LGIH,2020-02-18,2020-02-25,92.25,84.87,249.4997,-1841.31,-1.0,7,STOP
FICO,2020-01-28,2020-02-27,404.68,372.3056,52.8356,-1710.52,-1.0,30,STOP
ADSK,2020-01-30,2020-02-27,198.42,182.5464,110.28,-1750.54,-1.0,28,STOP
MEDP,2020-02-25,2020-02-27,103.97,95.6524,209.3886,-1741.61,-1.0,2,STOP
CWEN,2020-02-25,2020-02-27,16.3965,15.0848,1327.7266,-1741.61,-1.0,2,STOP
HSY,2020-02-26,2020-02-28,136.4614,125.5445,154.1051,-1682.35,-1.0,2,STOP
MEDP,2020-02-28,2020-03-06,92.0,92.0,222.6203,0.0,0.0,7,STOP
TTD,2020-03-03,2020-03-06,28.635,26.3442,729.2938,-1670.67,-1.0,3,STOP
GSHD,2020-02-27,2020-03-09,50.919,50.919,415.4267,0.0,0.0,11,STOP
ELF,2020-03-05,2020-03-09,16.25,14.95,1304.4553,-1695.79,-1.0,4,STOP
TRU,2020-03-06,2020-03-09,87.4467,80.451,238.3616,-1667.52,-1.0,3,STOP
QDEL,2020-01-16,2020-03-10,77.49,77.49,280.3,0.0,0.0,54,STOP
CWEN,2020-02-28,2020-03-12,15.0118,15.0118,1364.3285,0.0,0.0,13,STOP
TRU,2020-03-10,2020-03-12,81.5671,75.0418,244.8374,-1597.65,-1.0,2,STOP
LITE,2020-03-12,2020-03-12,66.5,66.5,296.7906,0.0,0.0,0,STOP
LITE,2020-03-16,2020-03-17,64.46,64.46,303.0483,0.0,0.0,1,STOP
GSHD,2020-03-18,2020-03-18,41.766,38.4247,467.713,-1562.76,-1.0,0,STOP
LITE,2020-03-18,2020-03-18,68.57,63.0844,284.884,-1562.76,-1.0,0,STOP
PLMR,2020-04-20,2020-04-20,58.09,58.09,333.8844,0.0,0.0,0,STOP
PLMR,2020-04-21,2020-04-21,64.43,59.2756,300.8743,-1550.83,-1.0,0,STOP
PLMR,2020-04-22,2020-04-22,62.32,57.3344,308.7006,-1539.06,-1.0,0,STOP
VIRT,2020-03-31,2020-04-27,17.1749,19.9228,1114.6413,3063.01,2.0,27,TARGET_2R
SFM,2020-05-05,2020-05-11,21.77,25.2532,881.1953,3069.38,2.0,6,TARGET_2R
DLR,2020-05-01,2020-05-12,119.3673,109.8179,160.4474,-1532.17,-1.0,11,STOP
DEA,2020-05-04,2020-05-13,42.8861,39.4552,445.6374,-1528.93,-1.0,9,STOP
BMRN,2020-05-01,2020-05-14,89.38,89.38,214.278,0.0,0.0,13,STOP
MOH,2020-05-01,2020-06-08,169.99,169.99,112.6664,0.0,0.0,38,STOP
UNH,2020-05-12,2020-06-11,263.6772,263.6772,75.8701,0.0,0.0,30,STOP
DOCU,2020-06-12,2020-06-26,152.06,176.3896,127.2444,3095.81,2.0,14,TARGET_2R
MSFT,2020-05-15,2020-07-02,170.0903,197.3047,113.89,3099.45,2.0,48,TARGET_2R
MRTN,2020-05-14,2020-07-10,13.4438,15.5948,1446.2965,3111.0,2.0,57,TARGET_2R
DPZ,2020-04-29,2020-07-13,330.4769,383.3532,57.9708,3065.28,2.0,75,TARGET_2R
ELF,2020-07-06,2020-07-14,18.8,18.8,1097.2,0.0,0.0,8,STOP
FOXF,2020-07-14,2020-07-14,79.53,73.1676,265.0771,-1686.53,-1.0,0,STOP
DHR,2020-05-12,2020-07-15,140.3897,162.8521,142.4977,3200.83,2.0,64,TARGET_2R
HRL,2020-04-24,2020-07-20,40.0061,42.1474,475.7394,1018.69,0.669,87,TIMEOUT
SAM,2020-07-15,2020-07-24,629.19,729.8604,33.569,3379.4,2.0,9,TARGET_2R
UCTT,2020-07-16,2020-07-24,22.95,22.95,932.5933,0.0,0.0,8,STOP
SAIA,2020-07-27,2020-07-31,126.6,116.472,174.2672,-1764.98,-1.0,4,STOP
RH,2020-06-29,2020-08-03,253.64,294.2224,79.3449,3220.01,2.0,35,TARGET_2R
ALRM,2020-07-13,2020-08-03,71.72,65.9824,298.8446,-1714.65,-1.0,21,STOP
WST,2020-07-15,2020-08-03,233.7934,271.2003,90.3415,3379.4,2.0,19,TARGET_2R
ACLS,2020-07-06,2020-08-05,27.82,27.82,741.4579,0.0,0.0,30,STOP
BLD,2020-07-21,2020-08-10,125.65,145.754,176.3268,3544.87,2.0,20,TARGET_2R
ODFL,2020-06-09,2020-08-12,80.9076,93.8529,245.3208,3175.73,2.0,64,TARGET_2R
LRCX,2020-08-11,2020-08-24,35.6013,32.7532,640.8247,-1825.13,-1.0,13,STOP
DKS,2020-08-13,2020-08-26,39.0367,45.2826,579.6073,3620.15,2.0,13,TARGET_2R
PLMR,2020-08-06,2020-09-01,99.21,115.0836,227.843,3616.69,2.0,26,TARGET_2R
XYZ,2020-08-27,2020-09-03,156.87,156.87,147.9871,0.0,0.0,7,STOP
SEDG,2020-08-27,2020-09-03,215.5,198.26,107.725,-1857.18,-1.0,7,STOP
IAC,2020-07-27,2020-09-04,69.3172,69.3172,318.2792,0.0,0.0,39,STOP
CDNS,2020-08-04,2020-09-04,111.53,102.6076,204.0569,-1820.68,-1.0,31,STOP
MTH,2020-08-12,2020-09-04,46.7903,43.047,476.0068,-1781.8,-1.0,23,STOP
PINS,2020-09-08,2020-09-08,32.63,32.63,683.9645,0.0,0.0,0,STOP
INDV,2020-09-02,2020-09-10,8.2,7.544,2919.1466,-1914.96,-1.0,8,STOP
SAH,2020-09-08,2020-09-11,37.7118,37.7118,591.798,0.0,0.0,3,STOP
PCRX,2020-09-04,2020-09-14,62.18,57.2056,365.471,-1818.0,-1.0,10,STOP
PINS,2020-09-09,2020-09-22,34.62,40.1592,637.6278,3531.95,2.0,13,TARGET_2R
KKR,2020-08-04,2020-09-24,34.6842,31.9095,656.1616,-1820.68,-1.0,51,STOP
SNX,2020-08-04,2020-10-02,58.9491,68.381,386.0695,3641.35,2.0,59,TARGET_2R
IBP,2020-09-11,2020-10-02,86.4667,100.3013,254.8319,3525.51,2.0,21,TARGET_2R
GNRC,2020-09-23,2020-10-06,182.23,211.3868,124.2742,3623.44,2.0,13,TARGET_2R
BBWI,2020-09-25,2020-10-19,21.3838,24.8052,1033.4529,3535.86,2.0,24,TARGET_2R
SSTK,2020-10-05,2020-10-19,44.7908,51.9574,535.8008,3839.83,2.0,14,TARGET_2R
PBI,2020-10-20,2020-10-20,5.255,5.255,4716.9125,0.0,0.0,0,STOP
PHM,2020-09-24,2020-10-22,41.4869,41.4869,531.1041,0.0,0.0,28,STOP
FBIN,2020-09-14,2020-10-26,65.8858,65.8858,332.6408,0.0,0.0,42,STOP
TOL,2020-10-08,2020-10-27,45.517,41.8756,540.1173,-1966.76,-1.0,19,STOP
SYNA,2020-09-04,2020-10-29,82.34,75.7528,275.9897,-1818.0,-1.0,55,STOP
BLD,2020-10-27,2020-10-29,171.45,157.734,140.0697,-1921.2,-1.0,2,STOP
DY,2020-10-28,2020-11-04,65.29,65.29,366.4795,0.0,0.0,7,STOP
FRPT,2020-10-21,2020-11-06,120.09,139.3044,207.5976,3988.86,2.0,16,TARGET_2R
MBIN,2020-10-30,2020-11-06,13.6684,13.6684,1739.8865,0.0,0.0,7,STOP
IR,2020-10-05,2020-11-09,36.3962,42.2196,659.3805,3839.83,2.0,35,TARGET_2R
QCOM,2020-10-23,2020-11-09,114.2309,132.5079,212.9399,3891.89,2.0,17,TARGET_2R
GNRC,2020-10-20,2020-11-17,210.59,210.59,117.7048,0.0,0.0,28,STOP
PIPR,2020-10-30,2020-11-24,70.1198,81.3389,339.1548,3805.03,2.0,25,TARGET_2R
STAA,2020-11-18,2020-11-24,80.48,74.0416,321.0155,-2066.83,-1.0,6,STOP
ARWR,2020-11-23,2020-11-24,68.26,62.7992,377.2024,-2059.83,-1.0,1,STOP
SHW,2020-09-14,2020-12-07,226.7193,225.8907,96.6671,-80.1,-0.046,84,TIMEOUT
LQDT,2020-12-01,2020-12-08,9.5,11.02,2681.402,4075.73,2.0,7,TARGET_2R
SSTK,2020-11-25,2020-12-09,57.2937,57.2937,442.9874,0.0,0.0,14,STOP
AHCO,2020-12-09,2020-12-16,37.42,34.4264,706.5358,-2115.09,-1.0,7,STOP
PI,2020-12-01,2020-12-29,42.25,38.87,602.9188,-2037.87,-1.0,28,STOP
FIVE,2020-12-01,2021-01-06,158.97,184.4052,160.2398,4075.73,2.0,36,TARGET_2R
FLEX,2020-12-10,2021-01-06,12.1929,14.1438,2105.0377,4106.65,2.0,27,TARGET_2R
MOH,2020-11-19,2021-01-08,212.38,246.3608,121.1284,4116.04,2.0,50,TARGET_2R
ANET,2020-11-24,2021-01-12,16.9037,19.6083,1520.9218,4113.48,2.0,49,TARGET_2R
RCUS,2021-01-07,2021-01-12,28.92,33.5472,931.5543,4310.49,2.0,5,TARGET_2R
AXON,2020-12-09,2021-01-13,125.22,145.2552,211.137,4230.17,2.0,35,TARGET_2R
UPWK,2021-01-07,2021-01-13,37.26,43.2216,723.0422,4310.49,2.0,6,TARGET_2R
TECH,2020-11-30,2021-01-15,73.3244,85.0563,347.0858,4071.98,2.0,46,TARGET_2R
ALRM,2021-01-11,2021-01-19,104.0,95.68,270.0356,-2246.7,-1.0,8,STOP
TWLO,2020-12-30,2021-01-27,352.34,352.34,74.0452,0.0,0.0,28,STOP
CZR,2021-01-13,2021-01-27,78.5,72.22,374.2962,-2350.58,-1.0,14,STOP
LRCX,2021-01-13,2021-01-27,50.526,50.526,581.5272,0.0,0.0,14,STOP
VRTS,2021-01-19,2021-01-27,192.021,176.6593,156.0764,-2397.6,-1.0,8,STOP
PGNY,2021-01-28,2021-01-28,43.56,43.56,661.973,0.0,0.0,0,STOP
CORT,2021-01-07,2021-02-08,26.54,30.7864,1015.0923,4310.49,2.0,32,TARGET_2R
PTC,2021-01-14,2021-02-08,124.16,144.0256,237.8548,4725.13,2.0,25,TARGET_2R
LAD,2021-01-28,2021-02-08,311.0222,360.7857,92.7122,4613.69,2.0,11,TARGET_2R
GKOS,2021-01-28,2021-02-18,89.39,89.39,322.5813,0.0,0.0,21,STOP
CORT,2021-02-09,2021-02-18,29.06,26.7352,1075.9838,-2501.45,-1.0,9,STOP
PNFP,2021-01-14,2021-02-22,66.8497,77.5456,441.7681,4725.13,2.0,39,TARGET_2R
ALRM,2021-01-20,2021-02-23,99.58,91.6136,302.4697,-2409.59,-1.0,34,STOP
DFIN,2021-02-09,2021-02-23,20.78,20.78,1504.7203,0.0,0.0,14,STOP
MYGN,2021-02-11,2021-02-23,28.26,28.26,1109.3393,0.0,0.0,12,STOP
CLB,2021-02-19,2021-02-23,34.3172,31.5718,903.2984,-2479.89,-1.0,4,STOP
PGNY,2021-01-29,2021-02-25,46.37,46.37,630.2444,0.0,0.0,27,STOP
REZI,2021-02-23,2021-02-25,27.22,27.22,1157.9928,0.0,0.0,2,STOP
JOE,2021-02-19,2021-02-26,49.8354,49.8354,622.0205,0.0,0.0,7,STOP
REZI,2021-03-02,2021-03-08,25.82,29.9512,1162.9158,4804.24,2.0,6,TARGET_2R
ETD,2021-03-05,2021-03-18,17.369,20.1481,1749.0736,4860.76,2.0,13,TARGET_2R
SIG,2021-03-08,2021-03-18,50.4882,58.5663,605.9637,4895.04,2.0,10,TARGET_2R
DNOW,2021-03-18,2021-03-19,11.1,10.212,2850.7861,-2531.5,-1.0,1,STOP
VLO,2021-03-18,2021-03-22,66.1869,60.8919,478.0967,-2531.5,-1.0,4,STOP
CHEF,2021-03-18,2021-03-23,31.74,29.2008,996.9668,-2531.5,-1.0,5,STOP
BJRI,2021-03-22,2021-03-23,60.0,55.2,517.9758,-2486.28,-1.0,1,STOP
AEO,2021-03-22,2021-03-23,26.2194,24.1218,1185.3275,-2486.28,-1.0,1,STOP
BC,2021-03-19,2021-03-24,90.6435,83.392,343.6753,-2492.15,-1.0,5,STOP
RRR,2021-03-17,2021-03-25,27.5377,25.3347,1146.9639,-2526.78,-1.0,8,STOP
MPC,2021-03-18,2021-03-25,49.1542,45.2218,643.7647,-2531.5,-1.0,7,STOP
BLMN,2021-03-24,2021-03-31,23.131,23.131,1278.3119,0.0,0.0,7,STOP
MCRI,2021-03-19,2021-04-29,57.2658,66.4283,543.9886,4984.31,2.0,41,TARGET_2R
AN,2021-04-08,2021-05-05,90.84,105.3744,322.5905,4688.66,2.0,27,TARGET_2R
SBH,2021-04-08,2021-05-06,19.67,22.8172,1489.7875,4688.66,2.0,28,TARGET_2R
STLD,2021-04-30,2021-05-07,50.5567,58.6457,620.1463,5016.41,2.0,7,TARGET_2R
EOG,2021-04-06,2021-05-10,56.7521,65.8325,514.3323,4670.31,2.0,34,TARGET_2R
BFH,2021-04-08,2021-05-10,80.4299,93.2987,364.3435,4688.66,2.0,32,TARGET_2R
BCC,2021-04-30,2021-05-12,51.1256,51.1256,613.2457,0.0,0.0,12,STOP
URI,2021-04-08,2021-05-19,310.1522,310.1522,94.483,0.0,0.0,41,STOP
GS,2021-03-24,2021-06-03,295.6839,342.9933,100.001,4730.99,2.0,71,TARGET_2R
SBH,2021-05-13,2021-06-04,22.53,20.7276,1450.4629,-2614.31,-1.0,22,STOP
NAVI,2021-05-13,2021-06-07,13.2503,15.3703,2466.2873,5228.63,2.0,25,TARGET_2R
CLF,2021-06-08,2021-06-09,19.44,22.5504,1772.7457,5513.95,2.0,1,TARGET_2R
APLS,2021-06-08,2021-06-16,59.07,59.07,583.4125,0.0,0.0,8,STOP
PWR,2021-05-07,2021-06-17,96.7314,88.9929,340.3231,-2633.6,-1.0,41,STOP
OLN,2021-05-20,2021-06-17,41.336,41.336,795.9322,0.0,0.0,28,STOP
CC,2021-06-04,2021-06-17,31.7661,29.2249,1089.9278,-2769.82,-1.0,13,STOP
WHD,2021-06-17,2021-06-17,41.4499,38.1339,840.7606,-2787.96,-1.0,0,STOP
MYRG,2021-05-12,2021-07-01,79.73,92.4868,421.4165,5375.93,2.0,50,TARGET_2R
APLS,2021-06-18,2021-07-01,58.91,68.3356,570.5059,5377.36,2.0,13,TARGET_2R
VVV,2021-06-10,2021-07-06,33.8002,31.0962,1044.7489,-2825.02,-1.0,26,STOP
SNX,2021-05-06,2021-07-16,116.0322,106.7497,277.0083,-2571.35,-1.0,71,STOP
GDEN,2021-06-18,2021-07-16,38.0764,38.0764,882.6596,0.0,0.0,28,STOP
THC,2021-06-18,2021-07-22,67.7,67.7,496.4328,0.0,0.0,34,STOP
CROX,2021-07-07,2021-07-22,113.5,131.66,302.1014,5486.16,2.0,15,TARGET_2R
MTCH,2021-07-19,2021-08-04,154.8264,142.4402,220.4558,-2730.59,-1.0,16,STOP
TT,2021-05-12,2021-08-05,171.4413,184.2455,195.9827,2509.39,0.934,85,TIMEOUT
EPAM,2021-07-02,2021-08-05,512.45,594.442,68.0165,5576.81,2.0,34,TARGET_2R
AMN,2021-07-02,2021-09-01,98.26,113.9816,354.7225,5576.81,2.0,61,TARGET_2R
SNPS,2021-08-06,2021-09-03,292.33,339.1028,122.48,5728.73,2.0,28,TARGET_2R
ESI,2021-07-02,2021-09-07,22.3514,20.5633,1559.4084,-2788.4,-1.0,67,STOP
CYTK,2021-09-07,2021-09-09,33.11,30.4612,1143.2537,-3028.25,-1.0,2,STOP
CLF,2021-08-18,2021-09-14,24.0,22.08,1480.1582,-2841.9,-1.0,27,STOP
CNR,2021-09-13,2021-09-16,25.9196,23.846,1406.7534,-2917.0,-1.0,3,STOP
APOG,2021-09-08,2021-09-20,38.3612,35.2923,966.9976,-2967.62,-1.0,12,STOP
GNRC,2021-07-28,2021-09-29,406.12,406.12,87.778,0.0,0.0,63,STOP
RMBS,2021-08-12,2021-09-29,24.32,22.3744,1467.4597,-2855.09,-1.0,48,STOP
DPZ,2021-07-29,2021-09-30,492.5903,453.183,72.8893,-2872.36,-1.0,63,STOP
ARCB,2021-09-17,2021-10-01,71.6976,83.1692,500.6134,5742.84,2.0,14,TARGET_2R
SYNA,2021-09-02,2021-10-04,189.43,174.2756,197.4427,-2992.13,-1.0,32,STOP
CZR,2021-10-04,2021-10-18,119.16,109.6272,298.7538,-2847.96,-1.0,14,STOP
CNR,2021-10-05,2021-10-18,30.7881,30.7881,1134.3512,0.0,0.0,13,STOP
NOW,2021-08-10,2021-10-19,117.6,136.416,305.4471,5747.29,2.0,70,TARGET_2R
PRKS,2021-10-01,2021-10-25,56.17,65.1572,619.7009,5569.38,2.0,24,TARGET_2R
CHEF,2021-10-20,2021-10-25,33.12,30.4704,1078.138,-2856.63,-1.0,5,STOP
LPX,2021-10-26,2021-10-27,62.0686,57.1031,584.6504,-2903.07,-1.0,1,STOP
SAIA,2021-09-21,2021-10-28,245.94,285.2904,142.6172,5612.04,2.0,37,TARGET_2R
MOS,2021-10-28,2021-11-02,37.1628,34.1898,946.5061,-2813.99,-1.0,5,STOP
LSCC,2021-10-01,2021-11-03,64.94,75.3304,536.0117,5569.38,2.0,33,TARGET_2R
RRR,2021-10-19,2021-11-03,46.1088,42.4201,776.8256,-2865.48,-1.0,15,STOP
OVV,2021-10-26,2021-11-03,35.2622,32.4413,1029.1008,-2903.07,-1.0,8,STOP
CYTK,2021-10-29,2021-11-08,36.3,42.108,983.3762,5711.45,2.0,10,TARGET_2R
MUR,2021-10-19,2021-11-10,24.4273,24.4273,1466.3309,0.0,0.0,22,STOP
ANIP,2021-11-09,2021-11-10,50.0,46.0,749.8405,-2999.36,-1.0,1,STOP
OXY,2021-11-10,2021-11-17,31.4991,28.9792,1191.3254,-3002.05,-1.0,7,STOP
RHP,2021-10-01,2021-11-26,73.9789,73.9789,470.5207,0.0,0.0,56,STOP
TBBK,2021-11-04,2021-11-26,31.92,29.3664,1121.6693,-2864.29,-1.0,22,STOP
EOG,2021-11-04,2021-11-26,74.5639,68.5988,480.1742,-2864.29,-1.0,22,STOP
OXM,2021-11-04,2021-11-26,83.8997,83.8997,426.7439,0.0,0.0,22,STOP
AYI,2021-10-29,2021-11-29,205.4049,205.4049,173.7863,0.0,0.0,31,STOP
AZTA,2021-11-11,2021-12-03,114.8983,105.7065,316.4062,-2908.36,-1.0,22,STOP
DFIN,2021-11-18,2021-12-03,48.79,44.8868,738.092,-2880.92,-1.0,15,STOP
PI,2021-12-06,2021-12-07,70.47,81.7452,479.7325,5409.08,2.0,1,TARGET_2R
ON,2021-11-29,2021-12-14,61.23,61.23,563.1285,0.0,0.0,15,STOP
WMS,2021-11-29,2021-12-15,124.7283,124.7283,276.4438,0.0,0.0,16,STOP
KKR,2021-11-29,2021-12-17,73.9303,68.0159,466.3899,-2758.43,-1.0,18,STOP
IBKR,2021-11-29,2021-12-20,18.3274,18.3274,1881.3597,0.0,0.0,21,STOP
UFPI,2021-12-14,2021-12-20,82.1952,75.6196,423.1662,-2782.58,-1.0,6,STOP
TREX,2021-12-15,2022-01-06,131.98,121.4216,261.9859,-2766.15,-1.0,22,STOP
MTD,2021-12-28,2022-01-07,1680.22,1545.8024,20.8823,-2806.95,-1.0,10,STOP
TER,2021-11-30,2022-01-10,151.1699,151.1699,230.1679,0.0,0.0,41,STOP
WSC,2021-12-30,2022-01-10,40.345,37.1174,866.5638,-2796.92,-1.0,11,STOP
AMAT,2021-12-16,2022-01-18,148.726,148.726,236.2676,0.0,0.0,33,STOP
KLAC,2022-01-11,2022-01-18,397.1328,397.1328,82.7165,0.0,0.0,7,STOP
LPX,2022-01-07,2022-01-19,70.9135,65.2404,475.9179,-2699.92,-1.0,12,STOP
STX,2022-01-10,2022-01-20,96.4104,88.6976,341.1954,-2631.58,-1.0,10,STOP
KLAC,2022-01-19,2022-01-20,399.9184,367.9249,80.2862,-2568.64,-1.0,1,STOP
FIX,2021-12-15,2022-01-21,94.0961,86.5685,367.4635,-2766.15,-1.0,37,STOP
MLI,2022-01-11,2022-01-21,27.7432,25.5238,1184.052,-2627.96,-1.0,10,STOP
AOS,2021-12-06,2022-01-24,76.1488,70.0569,443.9564,-2704.54,-1.0,49,STOP
CHRD,2022-01-21,2022-01-24,85.8275,78.9613,360.6389,-2476.22,-1.0,3,STOP
CMC,2022-01-21,2022-01-24,33.6687,30.9752,919.3332,-2476.22,-1.0,3,STOP
BFS,2022-01-19,2022-01-27,40.5057,37.2652,792.678,-2568.64,-1.0,8,STOP
UFPT,2022-01-24,2022-02-24,68.5,68.5,443.3722,0.0,0.0,31,STOP
IR,2022-01-25,2022-02-24,55.9316,51.4571,539.5173,-2414.09,-1.0,30,STOP
CB,2022-01-26,2022-02-24,183.2458,183.2458,164.361,0.0,0.0,29,STOP
FBP,2022-02-15,2022-02-24,12.812,11.7871,2397.8246,-2457.68,-1.0,9,STOP
CNR,2022-02-25,2022-03-02,25.9841,30.1416,1144.4901,4758.17,2.0,5,TARGET_2R
COP,2022-02-25,2022-03-07,76.1073,88.2845,390.7451,4758.17,2.0,10,TARGET_2R
BKR,2022-02-25,2022-03-07,26.3145,30.5248,1130.1217,4758.17,2.0,10,TARGET_2R
CNR,2022-03-03,2022-03-07,31.3137,31.3137,1016.7794,0.0,0.0,4,STOP
WRB,2022-01-24,2022-03-11,33.118,38.4169,917.0546,4859.36,2.0,46,TARGET_2R
TRGP,2022-02-25,2022-03-15,57.7074,57.7074,515.3335,0.0,0.0,18,STOP
COR,2022-01-20,2022-03-21,127.029,147.3536,246.7198,5014.49,2.0,60,TARGET_2R
THC,2022-03-09,2022-04-05,88.93,81.8156,364.1603,-2590.78,-1.0,27,STOP
SAFE,2022-03-09,2022-04-06,102.0992,93.9312,317.1894,-2590.78,-1.0,28,STOP
TALO,2022-03-23,2022-04-08,15.91,18.4556,2066.8013,5261.25,2.0,16,TARGET_2R
WMB,2022-02-11,2022-04-11,24.994,28.993,1244.3574,4976.24,2.0,59,TARGET_2R
MPC,2022-03-08,2022-04-18,70.1089,81.3263,464.4392,5209.81,2.0,41,TARGET_2R
CARG,2022-04-06,2022-04-20,42.182,38.8074,776.2214,-2619.41,-1.0,14,STOP
TDW,2022-04-07,2022-04-21,21.72,21.72,1511.968,0.0,0.0,14,STOP
NUE,2022-04-12,2022-04-21,146.2092,169.6026,223.8799,5237.33,2.0,9,TARGET_2R
AA,2022-04-21,2022-04-21,77.1622,70.9892,447.8361,-2764.48,-1.0,0,STOP
CHRD,2022-04-12,2022-04-22,100.0887,92.0816,327.043,-2618.66,-1.0,10,STOP
NXST,2022-03-16,2022-04-25,157.1206,144.5509,205.0027,-2576.81,-1.0,40,STOP
PTEN,2022-04-11,2022-04-25,14.2019,14.2019,2332.4091,0.0,0.0,14,STOP
FANG,2022-04-19,2022-04-25,114.6748,105.5008,302.0358,-2770.87,-1.0,6,STOP
DVN,2022-04-22,2022-04-25,50.4601,46.4233,665.6837,-2687.24,-1.0,3,STOP
MTDR,2022-04-22,2022-04-25,51.0373,46.9543,658.1555,-2687.24,-1.0,3,STOP
NOG,2022-04-22,2022-04-25,22.5932,20.7858,1486.7502,-2687.24,-1.0,3,STOP
CFR,2022-03-23,2022-04-28,126.7854,116.6426,259.358,-2630.62,-1.0,36,STOP
CPRX,2022-04-26,2022-04-28,8.19,7.5348,3849.9468,-2522.49,-1.0,2,STOP
IRM,2022-04-26,2022-05-02,47.9955,44.1559,656.9587,-2522.49,-1.0,6,STOP
CTRA,2022-04-25,2022-05-04,23.2831,27.0084,1381.0466,5144.8,2.0,9,TARGET_2R
PSTG,2022-04-26,2022-05-05,30.57,28.1244,1031.4381,-2522.49,-1.0,9,STOP
BOX,2022-04-26,2022-05-06,31.57,29.0444,998.7666,-2522.49,-1.0,10,STOP
PLAY,2022-04-29,2022-05-06,46.66,42.9272,664.6719,-2481.09,-1.0,7,STOP
PAG,2022-05-11,2022-05-18,98.1416,98.1416,300.8575,0.0,0.0,7,STOP
HST,2022-05-03,2022-05-20,16.7386,15.3995,1813.2479,-2428.1,-1.0,17,STOP
KNTK,2022-05-06,2022-05-25,26.7861,31.0719,1139.3335,4882.94,2.0,19,TARGET_2R
PBF,2022-05-26,2022-06-03,29.0553,33.7041,1058.8316,4922.34,2.0,8,TARGET_2R
PCG,2022-05-10,2022-06-10,12.0503,11.0863,2460.6,-2372.07,-1.0,31,STOP
OLN,2022-06-06,2022-06-10,61.1061,56.2177,524.0483,-2561.81,-1.0,4,STOP
CC,2022-05-26,2022-06-13,36.4661,33.5488,843.6507,-2461.17,-1.0,18,STOP
SO,2022-05-11,2022-06-14,63.4683,58.3908,465.2188,-2362.13,-1.0,34,STOP
CTRA,2022-06-13,2022-06-14,28.3184,26.053,1075.5041,-2436.53,-1.0,1,STOP
FHN,2022-04-29,2022-06-15,19.7515,18.1714,1570.188,-2481.09,-1.0,47,STOP
AIZ,2022-04-26,2022-06-16,173.6389,159.7478,181.5899,-2522.49,-1.0,51,STOP
GPK,2022-05-10,2022-06-16,20.0009,18.4008,1482.4781,-2372.07,-1.0,37,STOP
PAG,2022-05-19,2022-06-16,98.5131,98.5131,307.3775,0.0,0.0,28,STOP
MGY,2022-06-13,2022-06-16,25.4365,23.4016,1197.3588,-2436.53,-1.0,3,STOP
KNTK,2022-06-14,2022-06-17,28.8998,26.5878,1018.469,-2354.68,-1.0,3,STOP
KNTK,2022-06-21,2022-07-05,26.4258,24.3118,1068.3169,-2258.49,-1.0,14,STOP
DGII,2022-07-05,2022-07-19,23.27,26.9932,1209.0218,4501.43,2.0,14,TARGET_2R
UTL,2022-07-21,2022-07-22,49.9902,45.991,563.5989,-2253.95,-1.0,1,STOP
TAP,2022-07-26,2022-08-02,51.4322,47.3176,542.7965,-2233.38,-1.0,7,STOP
MRK,2022-07-15,2022-08-03,84.6779,77.9036,332.1144,-2249.82,-1.0,19,STOP
CORT,2022-07-28,2022-08-04,28.97,26.6524,971.9623,-2252.62,-1.0,7,STOP
DXPE,2022-08-04,2022-08-09,32.7,30.084,858.2807,-2245.26,-1.0,5,STOP
PRDO,2022-08-05,2022-08-10,12.3487,11.3608,2265.2739,-2237.85,-1.0,5,STOP
LRN,2022-08-08,2022-08-10,43.42,39.9464,645.3377,-2241.64,-1.0,2,STOP
CWEN-A,2022-07-15,2022-08-17,26.0714,30.2428,1078.6811,4499.64,2.0,33,TARGET_2R
LTC,2022-07-13,2022-08-18,30.8318,35.7649,907.9637,4479.07,2.0,36,TARGET_2R
VRTX,2022-08-16,2022-08-29,305.0,280.6,91.2749,-2227.11,-1.0,13,STOP
PI,2022-08-29,2022-09-06,91.19,83.8948,295.0153,-2152.2,-1.0,8,STOP
OTTR,2022-08-23,2022-09-13,72.8378,67.0108,378.0471,-2202.89,-1.0,21,STOP
KDP,2022-08-18,2022-09-16,36.5065,33.586,760.1675,-2220.08,-1.0,29,STOP
GWW,2022-08-23,2022-09-16,553.1715,508.9178,49.7786,-2202.89,-1.0,24,STOP
VICI,2022-08-04,2022-09-23,28.2071,25.9505,994.9905,-2245.26,-1.0,50,STOP
PTCT,2022-08-10,2022-09-23,52.6,48.392,523.339,-2202.21,-1.0,44,STOP
DY,2022-09-19,2022-09-27,105.06,96.6552,249.406,-2096.21,-1.0,8,STOP
KNSL,2022-09-19,2022-09-27,241.4215,241.4215,108.5346,0.0,0.0,8,STOP
RJF,2022-09-14,2022-09-29,102.0387,93.8756,257.6435,-2103.17,-1.0,15,STOP
AZO,2022-07-19,2022-10-11,2216.78,2267.51,12.6605,642.27,0.286,84,TIMEOUT
WSC,2022-10-04,2022-10-13,42.4834,39.0848,593.2741,-2016.35,-1.0,9,STOP
ALL,2022-10-12,2022-10-13,123.3283,113.4621,203.9442,-2012.17,-1.0,1,STOP
MRTN,2022-10-14,2022-10-18,19.3001,17.7561,1305.9026,-2016.32,-1.0,4,STOP
AIT,2022-10-14,2022-11-01,107.8211,125.0724,233.7582,4032.65,2.0,18,TARGET_2R
GKOS,2022-10-19,2022-11-02,53.78,53.78,465.6915,0.0,0.0,14,STOP
SRPT,2022-10-05,2022-11-03,111.36,102.4512,227.2008,-2024.09,-1.0,29,STOP
SIGI,2022-10-17,2022-11-03,84.9955,84.9955,291.4027,0.0,0.0,17,STOP
APA,2022-11-03,2022-11-03,38.3026,38.3026,674.9605,0.0,0.0,0,STOP
APLS,2022-10-14,2022-11-04,59.31,54.5652,424.9546,-2016.32,-1.0,21,STOP
CI,2022-09-07,2022-11-09,267.7549,310.5957,98.3484,4213.32,2.0,63,TARGET_2R
ADMA,2022-11-04,2022-11-10,2.64,3.0624,9654.5452,4078.08,2.0,6,TARGET_2R
MUSA,2022-11-10,2022-11-15,306.8812,282.3307,79.5529,-1953.06,-1.0,5,STOP
CHRD,2022-11-02,2022-11-17,123.4758,123.4758,212.6573,0.0,0.0,15,STOP
OVV,2022-11-07,2022-11-17,48.996,48.996,514.3823,0.0,0.0,10,STOP
DINO,2022-11-04,2022-12-02,55.8098,51.345,456.6942,-2039.04,-1.0,28,STOP
OVV,2022-11-18,2022-12-05,47.6237,47.6237,533.0587,0.0,0.0,17,STOP
APA,2022-11-18,2022-12-09,40.3176,37.0922,629.6565,-2030.9,-1.0,21,STOP
STLD,2022-12-05,2022-12-16,102.7463,94.5266,256.1288,-2105.3,-1.0,11,STOP
ACLS,2022-12-12,2022-12-16,81.4,81.4,310.9241,0.0,0.0,4,STOP
HALO,2022-11-11,2023-01-04,54.37,54.37,472.575,0.0,0.0,54,STOP
FLR,2022-12-06,2023-01-05,34.79,32.0068,732.4102,-2038.44,-1.0,30,STOP
HAFC,2022-10-13,2023-01-09,19.8923,20.5111,1260.6096,780.11,0.389,88,TIMEOUT
ACLS,2022-12-19,2023-01-10,80.83,93.7628,306.8603,3968.56,2.0,22,TARGET_2R
STRA,2022-12-19,2023-01-25,73.3142,85.0444,338.3182,3968.56,2.0,37,TARGET_2R
PCG,2022-11-04,2023-02-01,15.1741,15.4607,1679.708,481.53,0.236,89,TIMEOUT
CMC,2023-01-05,2023-02-03,47.1719,54.7193,524.8771,3961.51,2.0,29,TARGET_2R
EG,2022-11-11,2023-02-08,302.9114,337.6825,84.8232,2949.39,1.435,89,TIMEOUT
CPRI,2023-01-10,2023-02-08,60.98,60.98,417.7935,0.0,0.0,29,STOP
ADNT,2023-02-02,2023-02-09,47.03,43.2676,573.3909,-2157.33,-1.0,7,STOP
MEDP,2023-01-11,2023-02-14,224.21,206.2732,115.6544,-2074.47,-1.0,34,STOP
BURL,2023-01-26,2023-03-09,225.21,207.1932,116.4771,-2098.54,-1.0,42,STOP
CRS,2023-02-15,2023-03-10,48.5237,44.6418,538.0601,-2088.69,-1.0,23,STOP
VLO,2023-03-10,2023-03-16,121.2282,111.5299,210.9472,-2045.82,-1.0,6,STOP
EPAC,2023-01-06,2023-03-22,25.5433,25.5433,969.5039,0.0,0.0,75,STOP
MPWR,2023-03-13,2023-03-28,458.8944,458.8944,54.7017,0.0,0.0,15,STOP
SKY,2023-02-08,2023-04-05,69.08,69.08,388.481,0.0,0.0,56,STOP
CVCO,2023-02-09,2023-04-05,293.79,293.79,89.8348,0.0,0.0,55,STOP
CRUS,2023-03-17,2023-04-12,103.67,95.3764,242.8128,-2013.79,-1.0,26,STOP
FIVE,2023-02-09,2023-04-19,200.11,200.11,131.8903,0.0,0.0,69,STOP
DECK,2023-02-10,2023-04-20,69.5383,80.6645,374.5271,4167.04,2.0,69,TARGET_2R
FSLR,2023-04-06,2023-04-26,201.08,201.08,126.6663,0.0,0.0,20,STOP
ACLS,2023-03-29,2023-04-27,127.36,117.1712,200.524,-2043.1,-1.0,29,STOP
ALGN,2023-04-21,2023-04-27,353.64,325.3488,73.4027,-2076.65,-1.0,6,STOP
LNTH,2023-04-20,2023-05-02,89.27,82.1284,292.3836,-2088.09,-1.0,12,STOP
JBSS,2023-04-13,2023-05-03,89.4612,103.775,285.981,4093.47,2.0,20,TARGET_2R
WING,2023-04-28,2023-05-03,196.1991,196.1991,127.7579,0.0,0.0,5,STOP
TTD,2023-05-04,2023-05-11,62.79,62.79,406.5559,0.0,0.0,7,STOP
NVDA,2023-04-06,2023-05-18,26.5605,30.8102,958.9453,4075.21,2.0,42,TARGET_2R
ELF,2023-04-27,2023-05-22,93.68,86.1856,270.2886,-2025.65,-1.0,25,STOP
LPG,2023-04-28,2023-05-22,15.5104,17.9921,1616.0777,4010.56,2.0,24,TARGET_2R
WST,2023-03-23,2023-05-31,328.1917,328.1917,76.4953,0.0,0.0,69,STOP
CPB,2023-05-04,2023-06-06,48.9303,45.0159,521.7144,-2042.21,-1.0,33,STOP
UFPT,2023-05-03,2023-06-07,145.44,168.7104,173.5531,4038.65,2.0,35,TARGET_2R
BSY,2023-05-19,2023-06-16,46.0506,53.4187,560.4126,4129.17,2.0,28,TARGET_2R
XPO,2023-06-01,2023-06-27,47.16,54.7056,540.4956,4078.36,2.0,26,TARGET_2R
DHI,2023-05-23,2023-07-13,104.3078,120.997,247.738,4134.56,2.0,51,TARGET_2R
BCC,2023-06-28,2023-07-13,76.4844,88.7219,363.4163,4447.31,2.0,15,TARGET_2R
CARS,2023-05-12,2023-07-20,18.94,21.9704,1349.9415,4090.86,2.0,69,TARGET_2R
VRSN,2023-05-23,2023-07-27,224.2915,206.3482,115.2117,-2067.28,-1.0,65,STOP
SKYW,2023-07-28,2023-07-28,40.91,40.91,707.4888,0.0,0.0,0,STOP
PEN,2023-06-12,2023-08-01,324.28,298.3376,81.232,-2107.35,-1.0,50,STOP
ACLS,2023-07-14,2023-08-04,182.76,182.76,159.0208,0.0,0.0,21,STOP
AMPH,2023-07-31,2023-08-10,61.0,61.0,478.0236,0.0,0.0,10,STOP
EXP,2023-05-19,2023-08-15,165.8946,181.8347,155.5647,2479.73,1.201,88,TIMEOUT
EXTR,2023-08-03,2023-08-16,29.32,29.32,994.8464,0.0,0.0,13,STOP
PENG,2023-07-21,2023-08-17,25.7,23.644,1116.5531,-2295.63,-1.0,27,STOP
CCL,2023-08-11,2023-08-18,17.0412,15.6779,1719.8801,-2344.71,-1.0,7,STOP
NWS,2023-06-08,2023-09-01,19.0277,21.3169,1390.9857,3184.23,1.504,85,TIMEOUT
PR,2023-09-05,2023-09-11,13.6051,12.5167,2169.7577,-2361.58,-1.0,6,STOP
CXT,2023-06-20,2023-09-13,53.0587,55.4965,514.7933,1254.98,0.574,85,TIMEOUT
CRS,2023-08-16,2023-09-13,56.9654,66.0799,514.3904,4688.4,2.0,28,TARGET_2R
URI,2023-08-18,2023-09-13,435.0549,435.0549,64.8812,0.0,0.0,26,STOP
CMC,2023-08-21,2023-09-13,54.1991,49.8632,522.9483,-2267.47,-1.0,23,STOP
PHM,2023-07-14,2023-09-21,79.286,72.9431,366.5547,-2325.01,-1.0,69,STOP
PR,2023-09-12,2023-09-22,12.7424,11.723,2237.0512,-2280.43,-1.0,10,STOP
HAL,2023-08-17,2023-10-02,37.5854,37.5854,765.2226,0.0,0.0,46,STOP
HLNE,2023-09-14,2023-10-18,89.0037,81.8834,318.6878,-2269.15,-1.0,34,STOP
HCC,2023-09-22,2023-10-20,45.5845,45.5845,607.1405,0.0,0.0,28,STOP
CRWD,2023-10-19,2023-10-20,191.75,176.41,145.4658,-2231.45,-1.0,1,STOP
ANET,2023-09-14,2023-10-26,47.67,43.8564,595.0155,-2269.15,-1.0,42,STOP
SFM,2023-09-15,2023-10-31,40.46,40.46,699.4513,0.0,0.0,46,STOP
GNW,2023-09-14,2023-11-09,5.9,5.428,4807.5232,-2269.15,-1.0,56,STOP
CRWD,2023-10-23,2023-11-14,176.0,204.16,155.2606,4372.14,2.0,22,TARGET_2R
MU,2023-10-30,2023-11-14,65.7738,76.2976,409.52,4309.71,2.0,15,TARGET_2R
ANF,2023-10-23,2023-11-15,60.69,70.4004,450.2531,4372.14,2.0,23,TARGET_2R
GAP,2023-11-15,2023-11-17,13.0241,15.1079,2234.608,4656.58,2.0,2,TARGET_2R
AEO,2023-11-16,2023-11-21,18.1954,16.7398,1601.7505,-2331.56,-1.0,5,STOP
OLLI,2023-09-27,2023-11-27,75.4,75.4,366.8678,0.0,0.0,61,STOP
CRWD,2023-11-15,2023-12-06,208.71,242.1036,139.4454,4656.58,2.0,21,TARGET_2R
MLKN,2023-11-20,2023-12-14,23.0491,26.7369,1285.4152,4740.42,2.0,24,TARGET_2R
DHI,2023-11-24,2023-12-14,123.9123,143.7382,238.0502,4719.58,2.0,20,TARGET_2R
KBH,2023-11-29,2023-12-14,51.1393,59.3216,574.147,4697.84,2.0,15,TARGET_2R
ALV,2023-10-03,2023-12-22,89.0104,103.252,316.578,4508.6,2.0,80,TARGET_2R
ELF,2023-12-26,2024-01-02,144.26,132.7192,229.3138,-2646.46,-1.0,7,STOP
CRWD,2023-12-07,2024-01-03,239.63,239.63,127.735,0.0,0.0,27,STOP
BSY,2023-11-10,2024-01-05,49.9141,45.9209,561.3141,-2241.4,-1.0,56,STOP
COR,2023-11-01,2024-01-10,181.3323,210.3455,149.2121,4329.12,2.0,70,TARGET_2R
CRWD,2024-01-04,2024-01-11,246.0,285.36,128.6335,5063.01,2.0,7,TARGET_2R
PHM,2023-12-07,2024-01-22,91.0371,105.6031,336.2271,4897.46,2.0,46,TARGET_2R
ANET,2023-12-15,2024-01-22,57.875,67.135,561.1531,5196.28,2.0,38,TARGET_2R
TDG,2023-12-15,2024-02-05,866.7776,1005.462,37.4684,5196.28,2.0,52,TARGET_2R
IBP,2024-01-03,2024-02-08,170.1153,197.3338,189.5357,5158.87,2.0,36,TARGET_2R
CRWD,2024-01-12,2024-02-09,287.0,332.92,116.3365,5342.17,2.0,28,TARGET_2R
CRWD,2024-02-12,2024-02-13,329.7,303.324,109.7943,-2895.93,-1.0,1,STOP
ITGR,2024-01-24,2024-02-15,103.58,95.2936,326.6988,-2707.16,-1.0,22,STOP
NPO,2024-02-09,2024-02-20,154.6528,142.2806,229.7137,-2842.07,-1.0,11,STOP
CRWD,2024-02-14,2024-02-21,327.76,301.5392,106.9185,-2803.49,-1.0,7,STOP
CRVL,2023-12-15,2024-02-23,79.2767,79.2767,409.6633,0.0,0.0,70,STOP
MKSI,2024-02-06,2024-03-01,108.3102,125.6398,316.8338,5490.61,2.0,24,TARGET_2R
AMWD,2024-01-23,2024-03-05,94.66,94.66,365.1049,0.0,0.0,42,STOP
WDAY,2024-01-23,2024-03-05,289.98,266.7816,119.1835,-2764.87,-1.0,42,STOP
NSSC,2024-02-22,2024-03-06,42.8229,39.397,815.5838,-2794.05,-1.0,13,STOP
CRWD,2024-02-26,2024-03-06,313.16,363.2656,112.2938,5626.55,2.0,9,TARGET_2R
KBH,2024-01-11,2024-03-07,58.7928,68.1997,564.1102,5306.5,2.0,56,TARGET_2R
PTGX,2024-03-07,2024-03-14,31.69,29.1548,1124.4794,-2850.78,-1.0,7,STOP
TPR,2024-02-16,2024-04-03,43.0516,43.0516,836.0162,0.0,0.0,47,STOP
ANET,2024-04-04,2024-04-12,75.24,69.2208,481.8538,-2900.37,-1.0,8,STOP
STRL,2024-03-12,2024-04-16,108.61,99.9212,325.5192,-2828.37,-1.0,35,STOP
THC,2024-03-06,2024-04-17,95.71,95.71,364.0939,0.0,0.0,42,STOP
MKSI,2024-03-06,2024-04-17,124.2487,114.3088,280.4651,-2787.79,-1.0,42,STOP
HUBB,2024-03-07,2024-04-17,380.3778,380.3778,93.6825,0.0,0.0,41,STOP
JBL,2024-03-15,2024-04-19,128.2028,128.2028,276.6063,0.0,0.0,35,STOP
KLAC,2024-04-15,2024-04-19,678.6306,624.3401,51.5658,-2799.53,-1.0,4,STOP
WDC,2024-04-17,2024-04-19,54.3459,49.9982,632.5628,-2750.18,-1.0,2,STOP
XPO,2024-03-04,2024-04-24,121.02,111.3384,296.0348,-2866.09,-1.0,51,STOP
TNDM,2024-05-03,2024-05-03,42.92,42.92,757.3291,0.0,0.0,0,STOP
TDW,2024-04-24,2024-05-06,93.79,108.7964,354.4088,5318.4,2.0,12,TARGET_2R
PR,2024-04-19,2024-05-23,15.6846,14.4299,2113.538,-2652.01,-1.0,34,STOP
JCI,2024-04-19,2024-05-24,62.3197,72.2909,531.9355,5304.01,2.0,35,TARGET_2R
BOOT,2024-05-02,2024-06-03,103.94,120.5704,310.7557,5167.99,2.0,32,TARGET_2R
HLX,2024-05-06,2024-06-04,11.15,10.258,2983.2767,-2661.08,-1.0,29,STOP
CENX,2024-06-04,2024-06-07,17.5,16.1,1986.27,-2780.78,-1.0,3,STOP
PAHC,2024-05-29,2024-06-10,17.3475,15.9597,1989.8607,-2761.53,-1.0,12,STOP
BGC,2024-05-23,2024-06-14,8.5623,7.8773,4011.6875,-2747.95,-1.0,22,STOP
TNDM,2024-06-10,2024-06-14,48.77,44.8684,696.5173,-2717.53,-1.0,4,STOP
ITRI,2024-05-14,2024-06-17,107.7,99.084,312.5979,-2693.34,-1.0,34,STOP
AVAV,2024-06-11,2024-06-20,205.15,205.15,165.158,0.0,0.0,9,STOP
NHC,2024-06-17,2024-07-11,99.4673,115.3821,335.948,5346.54,2.0,24,TARGET_2R
RCL,2024-05-13,2024-07-12,138.8083,161.0177,241.2328,5357.62,2.0,60,TARGET_2R
FLR,2024-05-29,2024-07-15,41.82,48.5112,825.4218,5523.06,2.0,47,TARGET_2R
TTMI,2024-06-21,2024-07-16,18.94,21.9704,1744.1055,5285.34,2.0,25,TARGET_2R
FN,2024-06-17,2024-07-18,242.19,242.19,137.9737,0.0,0.0,31,STOP
CRWD,2024-07-12,2024-07-18,368.2,338.744,93.7624,-2761.86,-1.0,6,STOP
ANET,2024-07-15,2024-07-18,91.2675,83.9661,382.1645,-2790.34,-1.0,3,STOP
FORM,2024-07-16,2024-07-18,61.14,56.2488,573.885,-2806.99,-1.0,2,STOP
GKOS,2024-07-16,2024-07-18,124.63,114.6596,281.532,-2806.99,-1.0,2,STOP
WWD,2024-06-18,2024-07-30,182.7707,168.149,182.6476,-2670.61,-1.0,42,STOP
LNTH,2024-07-19,2024-07-30,117.06,107.6952,285.6479,-2675.04,-1.0,11,STOP
SFM,2024-07-22,2024-07-30,82.27,95.4332,406.3339,5348.65,2.0,8,TARGET_2R
GKOS,2024-07-19,2024-08-01,119.42,109.8664,280.0029,-2675.04,-1.0,13,STOP
OC,2024-05-17,2024-08-02,167.3104,167.3104,203.7014,0.0,0.0,77,STOP
TDS,2024-07-31,2024-08-02,21.325,19.619,1588.7729,-2710.45,-1.0,2,STOP
IIPR,2024-07-17,2024-08-05,101.2067,93.1102,353.6035,-2862.96,-1.0,19,STOP
OLLI,2024-07-19,2024-08-05,100.29,92.2668,333.4126,-2675.04,-1.0,17,STOP
MYGN,2024-08-21,2024-09-04,28.31,26.0452,1165.7761,-2640.25,-1.0,14,STOP
FICO,2024-07-31,2024-09-13,1617.14,1875.8824,20.951,5420.9,2.0,44,TARGET_2R
MC,2024-08-02,2024-09-19,57.4349,66.6245,579.887,5328.92,2.0,48,TARGET_2R
CALM,2024-08-06,2024-10-04,61.8469,71.7424,519.803,5143.71,2.0,59,TARGET_2R
META,2024-08-27,2024-10-07,515.9972,598.5568,64.1761,5298.35,2.0,41,TARGET_2R
CRS,2024-10-07,2024-10-24,157.5908,144.9835,219.5656,-2768.12,-1.0,17,STOP
CENX,2024-10-25,2024-11-05,17.97,20.8452,1960.6772,5637.34,2.0,11,TARGET_2R
IIPR,2024-08-28,2024-11-06,102.275,102.275,323.6728,0.0,0.0,70,STOP
HBAN,2024-09-17,2024-11-06,13.7762,15.9803,2457.4224,5416.62,2.0,50,TARGET_2R
UMBF,2024-09-26,2024-11-06,102.8782,119.3387,332.7142,5476.65,2.0,41,TARGET_2R
QTWO,2024-10-08,2024-11-07,79.69,92.4404,433.2732,5524.41,2.0,30,TARGET_2R
CNK,2024-09-05,2024-11-11,27.3502,31.7262,1185.3459,5187.11,2.0,67,TARGET_2R
SATS,2024-11-12,2024-11-12,25.55,23.506,1505.152,-3076.53,-1.0,0,STOP
CART,2024-11-07,2024-11-13,48.0,44.16,792.8745,-3044.64,-1.0,6,STOP
PTGX,2024-09-20,2024-11-14,46.01,42.3292,751.2403,-2765.17,-1.0,55,STOP
CRVL,2024-08-29,2024-11-21,105.7733,120.0633,313.1322,4474.66,1.689,84,TIMEOUT
UNFI,2024-11-13,2024-11-25,21.1,24.476,1783.706,6021.79,2.0,12,TARGET_2R
DELL,2024-11-07,2024-11-27,135.8733,125.0035,280.099,-3044.64,-1.0,20,STOP
GWRE,2024-11-14,2024-12-06,196.68,180.9456,187.1881,-2945.29,-1.0,22,STOP
TSLA,2024-11-29,2024-12-09,336.08,389.8528,111.5498,5998.35,2.0,10,TARGET_2R
UNFI,2024-12-09,2024-12-10,24.36,28.2576,1547.1818,6030.3,2.0,1,TARGET_2R
RH,2024-12-10,2024-12-13,392.71,455.5436,94.7508,5953.54,2.0,3,TARGET_2R
NVDA,2024-11-06,2024-12-16,142.9034,131.4711,255.5576,-2921.6,-1.0,40,STOP
CG,2024-11-07,2024-12-18,51.8949,47.7433,733.3662,-3044.64,-1.0,41,STOP
SKYW,2024-11-08,2024-12-18,110.68,101.8256,346.0235,-3063.83,-1.0,40,STOP
SF,2024-11-22,2024-12-18,74.8918,68.9005,504.4542,-3022.36,-1.0,26,STOP
PJT,2024-11-26,2024-12-18,164.1416,151.0102,233.5365,-3066.64,-1.0,22,STOP
ENVA,2024-12-10,2024-12-18,102.04,93.8768,364.657,-2976.77,-1.0,8,STOP
CRWD,2024-12-11,2024-12-18,348.19,348.19,108.2378,0.0,0.0,7,STOP
EPAC,2024-12-17,2024-12-19,48.3523,44.4841,807.5493,-3123.75,-1.0,2,STOP
UFCS,2024-12-19,2025-01-06,29.1423,26.8109,1258.9672,-2935.13,-1.0,18,STOP
AR,2024-12-26,2025-01-10,32.99,38.2684,1113.9605,5879.93,2.0,15,TARGET_2R
CRWD,2024-12-19,2025-01-13,364.93,335.7356,100.5375,-2935.13,-1.0,25,STOP
SHAK,2025-01-02,2025-01-13,130.5,120.06,278.0701,-2903.05,-1.0,11,STOP
OLLI,2025-01-13,2025-01-15,105.5,97.06,350.4345,-2957.67,-1.0,2,STOP
PSTG,2024-12-31,2025-01-22,62.76,72.8016,582.1845,5846.06,2.0,22,TARGET_2R
MTSI,2025-01-14,2025-01-27,132.1,132.1,274.7614,0.0,0.0,13,STOP
CRWD,2025-01-23,2025-01-28,376.81,376.81,101.4438,0.0,0.0,5,STOP
PTCT,2025-01-14,2025-02-04,43.67,50.6572,831.1424,5807.36,2.0,21,TARGET_2R
VCEL,2024-12-19,2025-02-10,56.69,56.69,647.1891,0.0,0.0,53,STOP
SW,2024-12-16,2025-02-12,52.1721,47.9984,744.8573,-3108.86,-1.0,58,STOP
TDS,2025-01-07,2025-02-13,33.0731,38.3648,1119.1824,5922.37,2.0,37,TARGET_2R
KTOS,2025-02-07,2025-02-13,32.6,29.992,1183.0893,-3085.5,-1.0,6,STOP
LPX,2025-02-12,2025-02-19,110.0322,101.2296,346.9356,-3053.93,-1.0,7,STOP
CRWD,2025-01-29,2025-02-24,404.35,404.35,92.9382,0.0,0.0,26,STOP
GOOGL,2025-01-16,2025-02-25,193.2466,177.7869,188.8704,-2919.88,-1.0,40,STOP
CART,2025-02-21,2025-02-25,52.5,48.3,716.6207,-3009.81,-1.0,4,STOP
CART,2025-02-26,2025-02-28,43.76,40.2592,825.5827,-2890.2,-1.0,2,STOP
SNEX,2025-02-06,2025-03-04,78.0667,78.0667,492.7278,0.0,0.0,26,STOP
AROC,2025-02-13,2025-03-04,26.5008,24.3808,1418.8945,-3008.15,-1.0,19,STOP
SATS,2025-02-18,2025-03-06,29.31,29.31,1291.6091,0.0,0.0,16,STOP
COST,2025-02-19,2025-03-07,1050.304,966.2797,36.4139,-3059.66,-1.0,16,STOP
PPC,2025-03-05,2025-03-14,45.3728,41.743,788.4319,-2861.87,-1.0,9,STOP
MRCY,2025-03-24,2025-03-31,45.98,42.3016,757.8676,-2787.74,-1.0,7,STOP
GE,2025-04-01,2025-04-04,198.5093,182.6285,174.9323,-2778.05,-1.0,3,STOP
VTR,2025-03-07,2025-04-07,66.3831,61.0725,532.7787,-2829.4,-1.0,31,STOP
CVS,2025-03-17,2025-04-07,63.1798,58.1254,550.0599,-2780.21,-1.0,21,STOP
CWEN,2025-03-24,2025-04-07,28.1973,25.9415,1235.8185,-2787.74,-1.0,14,STOP
EBAY,2025-03-25,2025-04-07,65.9315,60.657,531.4641,-2803.22,-1.0,13,STOP
VRTX,2025-03-26,2025-04-07,504.87,464.4804,69.2722,-2797.88,-1.0,12,STOP
CB,2025-03-27,2025-04-07,295.4707,271.8331,117.687,-2781.84,-1.0,11,STOP
CWEN,2025-04-08,2025-04-09,26.5297,24.4073,1207.9841,-2563.8,-1.0,1,STOP
HCI,2025-05-07,2025-05-09,144.5602,167.6899,221.4647,5122.4,2.0,2,TARGET_2R
ESE,2025-05-01,2025-05-13,157.4303,182.6191,203.4753,5125.31,2.0,12,TARGET_2R
AMT,2025-05-08,2025-05-14,213.2571,196.1965,150.8478,-2573.55,-1.0,6,STOP
CWEN,2025-04-10,2025-06-12,26.2549,30.4557,1208.42,5076.32,2.0,63,TARGET_2R
FAST,2025-04-29,2025-07-18,39.1518,45.4161,816.7188,5116.17,2.0,80,TARGET_2R
CALM,2025-05-20,2025-07-23,92.9478,107.8194,360.4719,5360.81,2.0,64,TARGET_2R
AXON,2025-06-13,2025-07-23,771.81,710.0652,43.4767,-2684.46,-1.0,40,STOP
AEE,2025-05-01,2025-07-28,96.1115,96.2701,333.2918,52.84,0.021,88,TIMEOUT
AFL,2025-05-01,2025-07-28,103.2612,99.2844,310.2152,-1233.65,-0.481,88,TIMEOUT
RSG,2025-05-12,2025-08-06,245.5478,234.1797,134.0797,-1524.23,-0.579,86,TIMEOUT
CCI,2025-05-12,2025-08-06,98.1909,101.6297,335.2956,1153.01,0.438,86,TIMEOUT
GOGO,2025-07-21,2025-08-07,15.88,14.6096,2176.6955,-2765.27,-1.0,17,STOP
BKNG,2025-05-15,2025-08-11,5174.3126,5332.6396,6.259,990.97,0.382,88,TIMEOUT
CIEN,2025-07-29,2025-08-20,92.0,84.64,380.1279,-2797.74,-1.0,22,STOP
DY,2025-08-07,2025-08-20,273.74,251.8408,125.7193,-2753.15,-1.0,13,STOP
URBN,2025-07-24,2025-08-28,76.96,70.8032,456.6587,-2811.56,-1.0,35,STOP
DELL,2025-08-08,2025-08-29,133.9347,123.22,254.2757,-2724.51,-1.0,21,STOP
AVGO,2025-07-29,2025-09-05,296.424,343.8518,117.9789,5595.48,2.0,38,TARGET_2R
FIVE,2025-07-24,2025-09-12,139.39,139.39,252.1304,0.0,0.0,50,STOP
ARES,2025-08-12,2025-09-24,182.9753,168.3373,185.6806,-2718.0,-1.0,43,STOP
PRIM,2025-09-08,2025-09-30,117.6143,136.4326,284.1663,5347.53,2.0,22,TARGET_2R
WBD,2025-10-01,2025-10-08,19.53,17.9676,1736.9727,-2713.85,-1.0,7,STOP
WSM,2025-08-21,2025-10-10,195.7889,180.1258,165.8765,-2598.14,-1.0,50,STOP
SXI,2025-09-02,2025-10-15,200.6026,232.699,160.5472,5152.99,2.0,43,TARGET_2R
TNL,2025-09-15,2025-10-22,61.5563,61.5563,541.7061,0.0,0.0,37,STOP
FIX,2025-09-26,2025-10-22,783.7191,783.7191,42.2211,0.0,0.0,26,STOP
LSCC,2025-10-09,2025-10-22,73.71,67.8132,460.1884,-2713.64,-1.0,13,STOP
FHI,2025-09-10,2025-10-24,51.7638,47.6227,632.3559,-2618.65,-1.0,44,STOP
NVDA,2025-08-21,2025-10-28,174.8209,202.7923,185.7717,5196.28,2.0,68,TARGET_2R
SNEX,2025-10-23,2025-10-29,100.88,92.8096,327.3428,-2641.79,-1.0,6,STOP
PRLB,2025-08-29,2025-10-31,50.68,50.68,652.5093,0.0,0.0,63,STOP
OSIS,2025-10-16,2025-10-31,257.41,257.41,132.0391,0.0,0.0,15,STOP
TTWO,2025-10-16,2025-11-07,262.72,241.7024,129.3703,-2719.05,-1.0,22,STOP
AMAT,2025-10-29,2025-11-14,232.1548,213.5824,143.66,-2668.11,-1.0,16,STOP
THC,2025-10-23,2025-11-20,204.27,187.9284,161.6603,-2641.79,-1.0,28,STOP
CRWD,2025-10-27,2025-11-21,532.54,489.9368,62.4991,-2662.66,-1.0,25,STOP
VLO,2025-11-03,2025-11-21,168.4115,168.4115,197.028,0.0,0.0,18,STOP
ESE,2025-11-04,2025-12-02,220.6796,203.0253,150.4969,-2656.93,-1.0,28,STOP
CRWD,2025-12-04,2025-12-17,523.91,481.9972,60.7822,-2547.55,-1.0,13,STOP
GAP,2025-11-24,2026-01-02,24.8276,24.8276,1272.829,0.0,0.0,39,STOP
COKE,2025-12-03,2026-01-02,162.4586,149.4619,195.873,-2545.7,-1.0,30,STOP
FN,2026-01-05,2026-01-05,488.42,449.3464,62.7795,-2453.02,-1.0,0,STOP
ALB,2026-01-05,2026-01-13,145.9185,169.2655,210.1363,4906.04,2.0,8,TARGET_2R
FORM,2026-01-06,2026-01-13,63.38,73.5208,482.0525,4888.4,2.0,7,TARGET_2R
BG,2025-11-03,2026-01-20,93.5712,108.5426,354.6155,5309.09,2.0,78,TARGET_2R
SHOO,2025-12-18,2026-02-03,42.858,42.858,736.7172,0.0,0.0,47,STOP
TER,2026-01-21,2026-02-03,229.0942,265.7493,142.062,5207.29,2.0,13,TARGET_2R
IBM,2025-11-10,2026-02-04,305.0806,280.6742,107.7609,-2630.06,-1.0,86,STOP
MTZ,2026-02-04,2026-02-04,250.57,230.5244,133.555,-2677.19,-1.0,0,STOP
EW,2025-11-24,2026-02-05,84.88,78.0896,372.3059,-2528.11,-1.0,73,STOP
WBD,2026-01-14,2026-02-05,29.01,26.6892,1125.1925,-2611.35,-1.0,22,STOP
MCHP,2026-01-21,2026-02-06,73.7358,73.7358,441.3809,0.0,0.0,16,STOP
MYRG,2026-01-14,2026-02-09,233.56,270.9296,139.7578,5222.69,2.0,26,TARGET_2R
SMTC,2026-02-05,2026-02-09,79.45,92.162,412.0164,5237.55,2.0,4,TARGET_2R
F,2025-11-18,2026-02-13,12.7321,14.12,2528.361,3509.09,1.363,87,TIMEOUT
PRIM,2026-02-09,2026-02-18,160.54,160.54,208.4612,0.0,0.0,9,STOP
MLKN,2026-02-06,2026-02-25,21.8906,20.1394,1500.6547,-2628.02,-1.0,19,STOP
EME,2026-02-06,2026-02-26,735.18,735.18,44.6833,0.0,0.0,20,STOP
DXPE,2026-02-17,2026-02-26,148.16,148.16,230.7787,0.0,0.0,9,STOP
JBL,2026-02-17,2026-03-03,253.43,253.43,134.9176,0.0,0.0,14,STOP
NX,2026-02-26,2026-03-03,21.0222,19.3404,1636.0678,-2751.5,-1.0,5,STOP
DXPE,2026-02-27,2026-03-03,146.82,135.0744,228.4,-2682.69,-1.0,4,STOP
DIOD,2026-02-13,2026-03-05,70.55,64.906,479.6865,-2707.35,-1.0,20,STOP
SMTC,2026-02-19,2026-03-05,86.25,86.25,392.0112,0.0,0.0,14,STOP
ENTG,2026-02-27,2026-03-06,129.31,118.9652,259.3278,-2682.69,-1.0,7,STOP
FIVE,2026-03-04,2026-03-09,225.0,207.0,143.2675,-2578.81,-1.0,5,STOP
BA,2026-02-04,2026-03-11,233.24,214.5808,143.4783,-2677.19,-1.0,35,STOP
BALL,2026-03-04,2026-03-18,65.27,60.0484,493.8744,-2578.81,-1.0,14,STOP
PWR,2026-03-06,2026-03-18,534.29,572.0,59.2094,2232.79,0.882,12,FORCE_CLOSE
IRM,2026-03-06,2026-03-18,105.2122,105.74,300.6779,158.69,0.063,12,FORCE_CLOSE
TXT,2026-03-06,2026-03-18,95.1592,89.1,332.4428,-2014.34,-0.796,12,FORCE_CLOSE
FIVE,2026-03-10,2026-03-18,219.33,212.47,143.3392,-983.31,-0.391,8,FORCE_CLOSE
AROC,2026-03-10,2026-03-18,35.74,35.74,879.6471,0.0,0.0,8,FORCE_CLOSE
SCHL,2026-03-13,2026-03-18,33.68,33.39,920.0175,-266.81,-0.108,5,FORCE_CLOSE
